{"accuracy": [0.052237000316381454, 0.3286578059196472], "loss": [3.562725067138672, 2.4426331520080566], "val_accuracy": [0.08940359950065613, 0.7925108075141907], "val_loss": [3.367614269256592, 0.7495973110198975]}